folder,link
20代～30代,https://picabstract-preview-ftn.weiyun.com/ftn_pic_abs_v3/2a303ccea4973a158fe25f247a12c68380706cc89d29506bcea975a3e9aaa096ea9d98cdf475587bdd2b448f5805c2b9?pictype=scale&from=30013&version=3.3.3.3&uin=2511452670&fname=%E5%BE%AE%E4%BF%A1%E5%9B%BE%E7%89%87_202012251500396.jpg&size=750
20代～30代,https://picabstract-preview-ftn.weiyun.com/ftn_pic_abs_v3/3cba27a24d10e909f1f2b0feb86d5baa8803b8ad4e680366283e779094344bcec28f661dfe487a6ff9bc8cbb52928b3b?pictype=scale&from=30013&version=3.3.3.3&uin=2511452670&fname=%E5%BE%AE%E4%BF%A1%E5%9B%BE%E7%89%87_20201225150407.jpg&size=750
20代～30代,https://picabstract-preview-ftn.weiyun.com/ftn_pic_abs_v3/9925bd7d385bdfb432139fd4f8ef9064aa3f4786063e0808700070ea126921c86a6c8d4f22b7f15a41c8634b855b6905?pictype=scale&from=30013&version=3.3.3.3&uin=2511452670&fname=%E5%BE%AE%E4%BF%A1%E5%9B%BE%E7%89%87_202012251500395.jpg&size=750
20代～30代,https://picabstract-preview-ftn.weiyun.com/ftn_pic_abs_v3/43e465f7b0a9e55369bfa63639df9ee3fc3f451b907807226dab647896bf5f9119ad8a19ce853ce790a70579f91739c6?pictype=scale&from=30013&version=3.3.3.3&uin=2511452670&fname=%E5%BE%AE%E4%BF%A1%E5%9B%BE%E7%89%87_202012251500393.jpg&size=750
20代～30代,https://picabstract-preview-ftn.weiyun.com/ftn_pic_abs_v3/ebdf35a0d63c4db8b7dfcd07d619f299b01ffde4433627f78db5658e2b15c2be43c77b527753b6d4fc073e0dada83070?pictype=scale&from=30013&version=3.3.3.3&uin=2511452670&fname=%E5%BE%AE%E4%BF%A1%E5%9B%BE%E7%89%87_20201225150039.jpg&size=750
J2-B022 春分,https://picabstract-preview-ftn.weiyun.com/ftn_pic_abs_v3/3c3c05a2be72dd2a51184f1bbd4f7844abce48e97b51d828d04ebc268dfa84517c5fa8eed8e2121493a5655327aa201b?pictype=scale&from=30013&version=3.3.3.3&uin=2511452670&fname=%E5%BE%AE%E4%BF%A1%E5%9B%BE%E7%89%87_202101061448057.jpg&size=750
J2-B79 春分,https://picabstract-preview-ftn.weiyun.com/ftn_pic_abs_v3/3c3c05a2be72dd2a51184f1bbd4f7844abce48e97b51d828d04ebc268dfa84517c5fa8eed8e2121493a5655327aa201b?pictype=scale&from=30013&version=3.3.3.3&uin=2511452670&fname=%E5%BE%AE%E4%BF%A1%E5%9B%BE%E7%89%87_202101061448057.jpg&size=750
J2-B113 春分,https://picabstract-preview-ftn.weiyun.com/ftn_pic_abs_v3/3c3c05a2be72dd2a51184f1bbd4f7844abce48e97b51d828d04ebc268dfa84517c5fa8eed8e2121493a5655327aa201b?pictype=scale&from=30013&version=3.3.3.3&uin=2511452670&fname=%E5%BE%AE%E4%BF%A1%E5%9B%BE%E7%89%87_202101061448057.jpg&size=750
J3-140 春分,https://picabstract-preview-ftn.weiyun.com/ftn_pic_abs_v3/3c3c05a2be72dd2a51184f1bbd4f7844abce48e97b51d828d04ebc268dfa84517c5fa8eed8e2121493a5655327aa201b?pictype=scale&from=30013&version=3.3.3.3&uin=2511452670&fname=%E5%BE%AE%E4%BF%A1%E5%9B%BE%E7%89%87_202101061448057.jpg&size=750
J3-C278 春分,https://picabstract-preview-ftn.weiyun.com/ftn_pic_abs_v3/3c3c05a2be72dd2a51184f1bbd4f7844abce48e97b51d828d04ebc268dfa84517c5fa8eed8e2121493a5655327aa201b?pictype=scale&from=30013&version=3.3.3.3&uin=2511452670&fname=%E5%BE%AE%E4%BF%A1%E5%9B%BE%E7%89%87_202101061448057.jpg&size=750
J3-C313 春分,https://picabstract-preview-ftn.weiyun.com/ftn_pic_abs_v3/3c3c05a2be72dd2a51184f1bbd4f7844abce48e97b51d828d04ebc268dfa84517c5fa8eed8e2121493a5655327aa201b?pictype=scale&from=30013&version=3.3.3.3&uin=2511452670&fname=%E5%BE%AE%E4%BF%A1%E5%9B%BE%E7%89%87_202101061448057.jpg&size=750
J3-ZC038 半袖,https://picabstract-preview-ftn.weiyun.com/ftn_pic_abs_v3/3c3c05a2be72dd2a51184f1bbd4f7844abce48e97b51d828d04ebc268dfa84517c5fa8eed8e2121493a5655327aa201b?pictype=scale&from=30013&version=3.3.3.3&uin=2511452670&fname=%E5%BE%AE%E4%BF%A1%E5%9B%BE%E7%89%87_202101061448057.jpg&size=750
J3-ZC038 春分,https://picabstract-preview-ftn.weiyun.com/ftn_pic_abs_v3/3c3c05a2be72dd2a51184f1bbd4f7844abce48e97b51d828d04ebc268dfa84517c5fa8eed8e2121493a5655327aa201b?pictype=scale&from=30013&version=3.3.3.3&uin=2511452670&fname=%E5%BE%AE%E4%BF%A1%E5%9B%BE%E7%89%87_202101061448057.jpg&size=750
J3-ZC087 半袖,https://picabstract-preview-ftn.weiyun.com/ftn_pic_abs_v3/3c3c05a2be72dd2a51184f1bbd4f7844abce48e97b51d828d04ebc268dfa84517c5fa8eed8e2121493a5655327aa201b?pictype=scale&from=30013&version=3.3.3.3&uin=2511452670&fname=%E5%BE%AE%E4%BF%A1%E5%9B%BE%E7%89%87_202101061448057.jpg&size=750
J4-A422 春分,https://picabstract-preview-ftn.weiyun.com/ftn_pic_abs_v3/3c3c05a2be72dd2a51184f1bbd4f7844abce48e97b51d828d04ebc268dfa84517c5fa8eed8e2121493a5655327aa201b?pictype=scale&from=30013&version=3.3.3.3&uin=2511452670&fname=%E5%BE%AE%E4%BF%A1%E5%9B%BE%E7%89%87_202101061448057.jpg&size=750
J4-B411 春分,https://picabstract-preview-ftn.weiyun.com/ftn_pic_abs_v3/3c3c05a2be72dd2a51184f1bbd4f7844abce48e97b51d828d04ebc268dfa84517c5fa8eed8e2121493a5655327aa201b?pictype=scale&from=30013&version=3.3.3.3&uin=2511452670&fname=%E5%BE%AE%E4%BF%A1%E5%9B%BE%E7%89%87_202101061448057.jpg&size=750
J4-B440 春分,https://picabstract-preview-ftn.weiyun.com/ftn_pic_abs_v3/3c3c05a2be72dd2a51184f1bbd4f7844abce48e97b51d828d04ebc268dfa84517c5fa8eed8e2121493a5655327aa201b?pictype=scale&from=30013&version=3.3.3.3&uin=2511452670&fname=%E5%BE%AE%E4%BF%A1%E5%9B%BE%E7%89%87_202101061448057.jpg&size=750
J4-B448 春分,https://picabstract-preview-ftn.weiyun.com/ftn_pic_abs_v3/3c3c05a2be72dd2a51184f1bbd4f7844abce48e97b51d828d04ebc268dfa84517c5fa8eed8e2121493a5655327aa201b?pictype=scale&from=30013&version=3.3.3.3&uin=2511452670&fname=%E5%BE%AE%E4%BF%A1%E5%9B%BE%E7%89%87_202101061448057.jpg&size=750
J5-F030 春分,https://picabstract-preview-ftn.weiyun.com/ftn_pic_abs_v3/3c3c05a2be72dd2a51184f1bbd4f7844abce48e97b51d828d04ebc268dfa84517c5fa8eed8e2121493a5655327aa201b?pictype=scale&from=30013&version=3.3.3.3&uin=2511452670&fname=%E5%BE%AE%E4%BF%A1%E5%9B%BE%E7%89%87_202101061448057.jpg&size=750
J5-ZE057 春分,https://picabstract-preview-ftn.weiyun.com/ftn_pic_abs_v3/3c3c05a2be72dd2a51184f1bbd4f7844abce48e97b51d828d04ebc268dfa84517c5fa8eed8e2121493a5655327aa201b?pictype=scale&from=30013&version=3.3.3.3&uin=2511452670&fname=%E5%BE%AE%E4%BF%A1%E5%9B%BE%E7%89%87_202101061448057.jpg&size=750
J6-F083 春分,https://picabstract-preview-ftn.weiyun.com/ftn_pic_abs_v3/3c3c05a2be72dd2a51184f1bbd4f7844abce48e97b51d828d04ebc268dfa84517c5fa8eed8e2121493a5655327aa201b?pictype=scale&from=30013&version=3.3.3.3&uin=2511452670&fname=%E5%BE%AE%E4%BF%A1%E5%9B%BE%E7%89%87_202101061448057.jpg&size=750
N2-6 半袖,https://picabstract-preview-ftn.weiyun.com/ftn_pic_abs_v3/3c3c05a2be72dd2a51184f1bbd4f7844abce48e97b51d828d04ebc268dfa84517c5fa8eed8e2121493a5655327aa201b?pictype=scale&from=30013&version=3.3.3.3&uin=2511452670&fname=%E5%BE%AE%E4%BF%A1%E5%9B%BE%E7%89%87_202101061448057.jpg&size=750
N2-6 春分,https://picabstract-preview-ftn.weiyun.com/ftn_pic_abs_v3/3c3c05a2be72dd2a51184f1bbd4f7844abce48e97b51d828d04ebc268dfa84517c5fa8eed8e2121493a5655327aa201b?pictype=scale&from=30013&version=3.3.3.3&uin=2511452670&fname=%E5%BE%AE%E4%BF%A1%E5%9B%BE%E7%89%87_202101061448057.jpg&size=750
N2-14 春分,https://picabstract-preview-ftn.weiyun.com/ftn_pic_abs_v3/3c3c05a2be72dd2a51184f1bbd4f7844abce48e97b51d828d04ebc268dfa84517c5fa8eed8e2121493a5655327aa201b?pictype=scale&from=30013&version=3.3.3.3&uin=2511452670&fname=%E5%BE%AE%E4%BF%A1%E5%9B%BE%E7%89%87_202101061448057.jpg&size=750
N2-27 春分,https://picabstract-preview-ftn.weiyun.com/ftn_pic_abs_v3/3c3c05a2be72dd2a51184f1bbd4f7844abce48e97b51d828d04ebc268dfa84517c5fa8eed8e2121493a5655327aa201b?pictype=scale&from=30013&version=3.3.3.3&uin=2511452670&fname=%E5%BE%AE%E4%BF%A1%E5%9B%BE%E7%89%87_202101061448057.jpg&size=750
N2-37 春分,https://picabstract-preview-ftn.weiyun.com/ftn_pic_abs_v3/3c3c05a2be72dd2a51184f1bbd4f7844abce48e97b51d828d04ebc268dfa84517c5fa8eed8e2121493a5655327aa201b?pictype=scale&from=30013&version=3.3.3.3&uin=2511452670&fname=%E5%BE%AE%E4%BF%A1%E5%9B%BE%E7%89%87_202101061448057.jpg&size=750
N2-39 春分,https://picabstract-preview-ftn.weiyun.com/ftn_pic_abs_v3/3c3c05a2be72dd2a51184f1bbd4f7844abce48e97b51d828d04ebc268dfa84517c5fa8eed8e2121493a5655327aa201b?pictype=scale&from=30013&version=3.3.3.3&uin=2511452670&fname=%E5%BE%AE%E4%BF%A1%E5%9B%BE%E7%89%87_202101061448057.jpg&size=750
N2-41 春分,https://picabstract-preview-ftn.weiyun.com/ftn_pic_abs_v3/3c3c05a2be72dd2a51184f1bbd4f7844abce48e97b51d828d04ebc268dfa84517c5fa8eed8e2121493a5655327aa201b?pictype=scale&from=30013&version=3.3.3.3&uin=2511452670&fname=%E5%BE%AE%E4%BF%A1%E5%9B%BE%E7%89%87_202101061448057.jpg&size=750
N2-42 春分,https://picabstract-preview-ftn.weiyun.com/ftn_pic_abs_v3/3c3c05a2be72dd2a51184f1bbd4f7844abce48e97b51d828d04ebc268dfa84517c5fa8eed8e2121493a5655327aa201b?pictype=scale&from=30013&version=3.3.3.3&uin=2511452670&fname=%E5%BE%AE%E4%BF%A1%E5%9B%BE%E7%89%87_202101061448057.jpg&size=750
N2-49 春分,https://picabstract-preview-ftn.weiyun.com/ftn_pic_abs_v3/3c3c05a2be72dd2a51184f1bbd4f7844abce48e97b51d828d04ebc268dfa84517c5fa8eed8e2121493a5655327aa201b?pictype=scale&from=30013&version=3.3.3.3&uin=2511452670&fname=%E5%BE%AE%E4%BF%A1%E5%9B%BE%E7%89%87_202101061448057.jpg&size=750
N2-54 春分,https://picabstract-preview-ftn.weiyun.com/ftn_pic_abs_v3/3c3c05a2be72dd2a51184f1bbd4f7844abce48e97b51d828d04ebc268dfa84517c5fa8eed8e2121493a5655327aa201b?pictype=scale&from=30013&version=3.3.3.3&uin=2511452670&fname=%E5%BE%AE%E4%BF%A1%E5%9B%BE%E7%89%87_202101061448057.jpg&size=750
N2-81 春分,https://picabstract-preview-ftn.weiyun.com/ftn_pic_abs_v3/3c3c05a2be72dd2a51184f1bbd4f7844abce48e97b51d828d04ebc268dfa84517c5fa8eed8e2121493a5655327aa201b?pictype=scale&from=30013&version=3.3.3.3&uin=2511452670&fname=%E5%BE%AE%E4%BF%A1%E5%9B%BE%E7%89%87_202101061448057.jpg&size=750
N2-J12 春分,https://picabstract-preview-ftn.weiyun.com/ftn_pic_abs_v3/3c3c05a2be72dd2a51184f1bbd4f7844abce48e97b51d828d04ebc268dfa84517c5fa8eed8e2121493a5655327aa201b?pictype=scale&from=30013&version=3.3.3.3&uin=2511452670&fname=%E5%BE%AE%E4%BF%A1%E5%9B%BE%E7%89%87_202101061448057.jpg&size=750
N4-35A 春分,https://picabstract-preview-ftn.weiyun.com/ftn_pic_abs_v3/3c3c05a2be72dd2a51184f1bbd4f7844abce48e97b51d828d04ebc268dfa84517c5fa8eed8e2121493a5655327aa201b?pictype=scale&from=30013&version=3.3.3.3&uin=2511452670&fname=%E5%BE%AE%E4%BF%A1%E5%9B%BE%E7%89%87_202101061448057.jpg&size=750
N4-203A 春分,https://picabstract-preview-ftn.weiyun.com/ftn_pic_abs_v3/3c3c05a2be72dd2a51184f1bbd4f7844abce48e97b51d828d04ebc268dfa84517c5fa8eed8e2121493a5655327aa201b?pictype=scale&from=30013&version=3.3.3.3&uin=2511452670&fname=%E5%BE%AE%E4%BF%A1%E5%9B%BE%E7%89%87_202101061448057.jpg&size=750
N5-18A 半袖,https://picabstract-preview-ftn.weiyun.com/ftn_pic_abs_v3/3c3c05a2be72dd2a51184f1bbd4f7844abce48e97b51d828d04ebc268dfa84517c5fa8eed8e2121493a5655327aa201b?pictype=scale&from=30013&version=3.3.3.3&uin=2511452670&fname=%E5%BE%AE%E4%BF%A1%E5%9B%BE%E7%89%87_202101061448057.jpg&size=750
N5-18A 春分,https://picabstract-preview-ftn.weiyun.com/ftn_pic_abs_v3/3c3c05a2be72dd2a51184f1bbd4f7844abce48e97b51d828d04ebc268dfa84517c5fa8eed8e2121493a5655327aa201b?pictype=scale&from=30013&version=3.3.3.3&uin=2511452670&fname=%E5%BE%AE%E4%BF%A1%E5%9B%BE%E7%89%87_202101061448057.jpg&size=750
N5-35 春分,https://picabstract-preview-ftn.weiyun.com/ftn_pic_abs_v3/3c3c05a2be72dd2a51184f1bbd4f7844abce48e97b51d828d04ebc268dfa84517c5fa8eed8e2121493a5655327aa201b?pictype=scale&from=30013&version=3.3.3.3&uin=2511452670&fname=%E5%BE%AE%E4%BF%A1%E5%9B%BE%E7%89%87_202101061448057.jpg&size=750
N5-48 春分,https://picabstract-preview-ftn.weiyun.com/ftn_pic_abs_v3/3c3c05a2be72dd2a51184f1bbd4f7844abce48e97b51d828d04ebc268dfa84517c5fa8eed8e2121493a5655327aa201b?pictype=scale&from=30013&version=3.3.3.3&uin=2511452670&fname=%E5%BE%AE%E4%BF%A1%E5%9B%BE%E7%89%87_202101061448057.jpg&size=750
N5-J21 春分,https://picabstract-preview-ftn.weiyun.com/ftn_pic_abs_v3/3c3c05a2be72dd2a51184f1bbd4f7844abce48e97b51d828d04ebc268dfa84517c5fa8eed8e2121493a5655327aa201b?pictype=scale&from=30013&version=3.3.3.3&uin=2511452670&fname=%E5%BE%AE%E4%BF%A1%E5%9B%BE%E7%89%87_202101061448057.jpg&size=750
N5-J22 春分,https://picabstract-preview-ftn.weiyun.com/ftn_pic_abs_v3/3c3c05a2be72dd2a51184f1bbd4f7844abce48e97b51d828d04ebc268dfa84517c5fa8eed8e2121493a5655327aa201b?pictype=scale&from=30013&version=3.3.3.3&uin=2511452670&fname=%E5%BE%AE%E4%BF%A1%E5%9B%BE%E7%89%87_202101061448057.jpg&size=750
N5-K138-141 HK 半袖,https://picabstract-preview-ftn.weiyun.com/ftn_pic_abs_v3/3c3c05a2be72dd2a51184f1bbd4f7844abce48e97b51d828d04ebc268dfa84517c5fa8eed8e2121493a5655327aa201b?pictype=scale&from=30013&version=3.3.3.3&uin=2511452670&fname=%E5%BE%AE%E4%BF%A1%E5%9B%BE%E7%89%87_202101061448057.jpg&size=750
N5-K138-141 HK 春分,https://picabstract-preview-ftn.weiyun.com/ftn_pic_abs_v3/3c3c05a2be72dd2a51184f1bbd4f7844abce48e97b51d828d04ebc268dfa84517c5fa8eed8e2121493a5655327aa201b?pictype=scale&from=30013&version=3.3.3.3&uin=2511452670&fname=%E5%BE%AE%E4%BF%A1%E5%9B%BE%E7%89%87_202101061448057.jpg&size=750
W2-4A12 春分,https://picabstract-preview-ftn.weiyun.com/ftn_pic_abs_v3/3c3c05a2be72dd2a51184f1bbd4f7844abce48e97b51d828d04ebc268dfa84517c5fa8eed8e2121493a5655327aa201b?pictype=scale&from=30013&version=3.3.3.3&uin=2511452670&fname=%E5%BE%AE%E4%BF%A1%E5%9B%BE%E7%89%87_202101061448057.jpg&size=750
W2-37 春分,https://picabstract-preview-ftn.weiyun.com/ftn_pic_abs_v3/3c3c05a2be72dd2a51184f1bbd4f7844abce48e97b51d828d04ebc268dfa84517c5fa8eed8e2121493a5655327aa201b?pictype=scale&from=30013&version=3.3.3.3&uin=2511452670&fname=%E5%BE%AE%E4%BF%A1%E5%9B%BE%E7%89%87_202101061448057.jpg&size=750
W5-52 春分,https://picabstract-preview-ftn.weiyun.com/ftn_pic_abs_v3/3c3c05a2be72dd2a51184f1bbd4f7844abce48e97b51d828d04ebc268dfa84517c5fa8eed8e2121493a5655327aa201b?pictype=scale&from=30013&version=3.3.3.3&uin=2511452670&fname=%E5%BE%AE%E4%BF%A1%E5%9B%BE%E7%89%87_202101061448057.jpg&size=750
W7-79 春分,https://picabstract-preview-ftn.weiyun.com/ftn_pic_abs_v3/3c3c05a2be72dd2a51184f1bbd4f7844abce48e97b51d828d04ebc268dfa84517c5fa8eed8e2121493a5655327aa201b?pictype=scale&from=30013&version=3.3.3.3&uin=2511452670&fname=%E5%BE%AE%E4%BF%A1%E5%9B%BE%E7%89%87_202101061448057.jpg&size=750
W7-91 春分,https://picabstract-preview-ftn.weiyun.com/ftn_pic_abs_v3/3c3c05a2be72dd2a51184f1bbd4f7844abce48e97b51d828d04ebc268dfa84517c5fa8eed8e2121493a5655327aa201b?pictype=scale&from=30013&version=3.3.3.3&uin=2511452670&fname=%E5%BE%AE%E4%BF%A1%E5%9B%BE%E7%89%87_202101061448057.jpg&size=750
W8-32 春分,https://picabstract-preview-ftn.weiyun.com/ftn_pic_abs_v3/3c3c05a2be72dd2a51184f1bbd4f7844abce48e97b51d828d04ebc268dfa84517c5fa8eed8e2121493a5655327aa201b?pictype=scale&from=30013&version=3.3.3.3&uin=2511452670&fname=%E5%BE%AE%E4%BF%A1%E5%9B%BE%E7%89%87_202101061448057.jpg&size=750
W9-65 春分,https://picabstract-preview-ftn.weiyun.com/ftn_pic_abs_v3/3c3c05a2be72dd2a51184f1bbd4f7844abce48e97b51d828d04ebc268dfa84517c5fa8eed8e2121493a5655327aa201b?pictype=scale&from=30013&version=3.3.3.3&uin=2511452670&fname=%E5%BE%AE%E4%BF%A1%E5%9B%BE%E7%89%87_202101061448057.jpg&size=750
W-6J11 半袖,https://picabstract-preview-ftn.weiyun.com/ftn_pic_abs_v3/3c3c05a2be72dd2a51184f1bbd4f7844abce48e97b51d828d04ebc268dfa84517c5fa8eed8e2121493a5655327aa201b?pictype=scale&from=30013&version=3.3.3.3&uin=2511452670&fname=%E5%BE%AE%E4%BF%A1%E5%9B%BE%E7%89%87_202101061448057.jpg&size=750
W-6J11 春分,https://picabstract-preview-ftn.weiyun.com/ftn_pic_abs_v3/3c3c05a2be72dd2a51184f1bbd4f7844abce48e97b51d828d04ebc268dfa84517c5fa8eed8e2121493a5655327aa201b?pictype=scale&from=30013&version=3.3.3.3&uin=2511452670&fname=%E5%BE%AE%E4%BF%A1%E5%9B%BE%E7%89%87_202101061448057.jpg&size=750
WJ1-99 春分,https://picabstract-preview-ftn.weiyun.com/ftn_pic_abs_v3/3c3c05a2be72dd2a51184f1bbd4f7844abce48e97b51d828d04ebc268dfa84517c5fa8eed8e2121493a5655327aa201b?pictype=scale&from=30013&version=3.3.3.3&uin=2511452670&fname=%E5%BE%AE%E4%BF%A1%E5%9B%BE%E7%89%87_202101061448057.jpg&size=750